Fecha;Sunrise;Sunset;Length
1/12/2019;6:32 am ? (116°);4:42 pm ? (244°);10:09:36
2/12/2019;6:33 am ? (116°);4:42 pm ? (244°);10:08:41
3/12/2019;6:34 am ? (116°);4:42 pm ? (244°);10:07:49
4/12/2019;6:35 am ? (116°);4:42 pm ? (244°);10:06:59
5/12/2019;6:36 am ? (116°);4:42 pm ? (244°);10:06:12
6/12/2019;6:36 am ? (116°);4:42 pm ? (243°);10:05:28
7/12/2019;6:37 am ? (117°);4:42 pm ? (243°);10:04:46
8/12/2019;6:38 am ? (117°);4:42 pm ? (243°);10:04:06
9/12/2019;6:39 am ? (117°);4:42 pm ? (243°);10:03:30
10/12/2019;6:39 am ? (117°);4:42 pm ? (243°);10:02:56
11/12/2019;6:40 am ? (117°);4:43 pm ? (243°);10:02:25
12/12/2019;6:41 am ? (117°);4:43 pm ? (243°);10:01:57
13/12/2019;6:42 am ? (117°);4:43 pm ? (243°);10:01:31
14/12/2019;6:42 am ? (117°);4:43 pm ? (243°);10:01:08
15/12/2019;6:43 am ? (117°);4:44 pm ? (243°);10:00:48
16/12/2019;6:43 am ? (117°);4:44 pm ? (243°);10:00:31
17/12/2019;6:44 am ? (118°);4:44 pm ? (242°);10:00:17
18/12/2019;6:45 am ? (118°);4:45 pm ? (242°);10:00:06
19/12/2019;6:45 am ? (118°);4:45 pm ? (242°);09:59:58
20/12/2019;6:46 am ? (118°);4:46 pm ? (242°);09:59:52
21/12/2019;6:46 am ? (118°);4:46 pm ? (242°);09:59:50
22/12/2019;6:47 am ? (118°);4:47 pm ? (242°);09:59:50
23/12/2019;6:47 am ? (118°);4:47 pm ? (242°);09:59:54
24/12/2019;6:48 am ? (118°);4:48 pm ? (242°);10:00:00
25/12/2019;6:48 am ? (118°);4:48 pm ? (242°);10:00:09
26/12/2019;6:49 am ? (118°);4:49 pm ? (243°);10:00:21
27/12/2019;6:49 am ? (117°);4:50 pm ? (243°);10:00:36
28/12/2019;6:49 am ? (117°);4:50 pm ? (243°);10:00:54
29/12/2019;6:50 am ? (117°);4:51 pm ? (243°);10:01:15
30/12/2019;6:50 am ? (117°);4:52 pm ? (243°);10:01:39
31/12/2019;6:50 am ? (117°);4:52 pm ? (243°);10:02:05
1/11/2019;7:06 am ? (107°);5:57 pm ? (253°);10:51:39
2/11/2019;7:07 am ? (107°);5:56 pm ? (253°);10:49:54
3/11/2019;6:07 am ? (107°);4:56 pm ? (252°);10:48:10
4/11/2019;6:08 am ? (108°);4:55 pm ? (252°);10:46:28
5/11/2019;6:09 am ? (108°);4:54 pm ? (252°);10:44:46
6/11/2019;6:10 am ? (109°);4:53 pm ? (251°);10:43:06
7/11/2019;6:11 am ? (109°);4:52 pm ? (251°);10:41:27
8/11/2019;6:12 am ? (109°);4:52 pm ? (251°);10:39:49
9/11/2019;6:13 am ? (110°);4:51 pm ? (250°);10:38:12
10/11/2019;6:14 am ? (110°);4:50 pm ? (250°);10:36:36
11/11/2019;6:14 am ? (110°);4:50 pm ? (250°);10:35:02
12/11/2019;6:15 am ? (111°);4:49 pm ? (249°);10:33:29
13/11/2019;6:16 am ? (111°);4:48 pm ? (249°);10:31:58
14/11/2019;6:17 am ? (111°);4:48 pm ? (249°);10:30:28
15/11/2019;6:18 am ? (112°);4:47 pm ? (248°);10:29:00
16/11/2019;6:19 am ? (112°);4:47 pm ? (248°);10:27:33
17/11/2019;6:20 am ? (112°);4:46 pm ? (248°);10:26:08
18/11/2019;6:21 am ? (112°);4:46 pm ? (247°);10:24:44
19/11/2019;6:22 am ? (113°);4:45 pm ? (247°);10:23:23
20/11/2019;6:23 am ? (113°);4:45 pm ? (247°);10:22:03
21/11/2019;6:23 am ? (113°);4:44 pm ? (247°);10:20:45
22/11/2019;6:24 am ? (114°);4:44 pm ? (246°);10:19:28
23/11/2019;6:25 am ? (114°);4:44 pm ? (246°);10:18:14
24/11/2019;6:26 am ? (114°);4:43 pm ? (246°);10:17:02
25/11/2019;6:27 am ? (114°);4:43 pm ? (246°);10:15:51
26/11/2019;6:28 am ? (115°);4:43 pm ? (245°);10:14:43
27/11/2019;6:29 am ? (115°);4:42 pm ? (245°);10:13:37
28/11/2019;6:30 am ? (115°);4:42 pm ? (245°);10:12:33
29/11/2019;6:31 am ? (115°);4:42 pm ? (245°);10:11:32
30/11/2019;6:31 am ? (115°);4:42 pm ? (244°);10:10:33
1/10/2019;6:42 am ? (93°);6:33 pm ? (266°);11:50:44
2/10/2019;6:43 am ? (94°);6:32 pm ? (266°);11:48:45
3/10/2019;6:44 am ? (94°);6:30 pm ? (266°);11:46:46
4/10/2019;6:44 am ? (95°);6:29 pm ? (265°);11:44:46
5/10/2019;6:45 am ? (95°);6:28 pm ? (265°);11:42:47
6/10/2019;6:46 am ? (96°);6:26 pm ? (264°);11:40:49
7/10/2019;6:46 am ? (96°);6:25 pm ? (264°);11:38:50
8/10/2019;6:47 am ? (96°);6:24 pm ? (263°);11:36:52
9/10/2019;6:48 am ? (97°);6:23 pm ? (263°);11:34:53
10/10/2019;6:48 am ? (97°);6:21 pm ? (262°);11:32:56
11/10/2019;6:49 am ? (98°);6:20 pm ? (262°);11:30:58
12/10/2019;6:50 am ? (98°);6:19 pm ? (261°);11:29:01
13/10/2019;6:51 am ? (99°);6:18 pm ? (261°);11:27:04
14/10/2019;6:51 am ? (99°);6:16 pm ? (261°);11:25:07
15/10/2019;6:52 am ? (100°);6:15 pm ? (260°);11:23:11
16/10/2019;6:53 am ? (100°);6:14 pm ? (260°);11:21:15
17/10/2019;6:54 am ? (100°);6:13 pm ? (259°);11:19:20
18/10/2019;6:54 am ? (101°);6:12 pm ? (259°);11:17:25
19/10/2019;6:55 am ? (101°);6:11 pm ? (258°);11:15:30
20/10/2019;6:56 am ? (102°);6:09 pm ? (258°);11:13:37
21/10/2019;6:57 am ? (102°);6:08 pm ? (258°);11:11:43
22/10/2019;6:57 am ? (103°);6:07 pm ? (257°);11:09:50
23/10/2019;6:58 am ? (103°);6:06 pm ? (257°);11:07:58
24/10/2019;6:59 am ? (103°);6:05 pm ? (256°);11:06:06
25/10/2019;7:00 am ? (104°);6:04 pm ? (256°);11:04:15
26/10/2019;7:01 am ? (104°);6:03 pm ? (256°);11:02:25
27/10/2019;7:01 am ? (105°);6:02 pm ? (255°);11:00:35
28/10/2019;7:02 am ? (105°);6:01 pm ? (255°);10:58:46
29/10/2019;7:03 am ? (106°);6:00 pm ? (254°);10:56:58
30/10/2019;7:04 am ? (106°);5:59 pm ? (254°);10:55:11
31/10/2019;7:05 am ? (106°);5:58 pm ? (254°);10:53:24
1/09/2019;6:23 am ? (80°);7:13 pm ? (280°);12:50:07
2/09/2019;6:23 am ? (80°);7:12 pm ? (280°);12:48:11
3/09/2019;6:24 am ? (80°);7:10 pm ? (279°);12:46:15
4/09/2019;6:25 am ? (81°);7:09 pm ? (279°);12:44:18
5/09/2019;6:25 am ? (81°);7:08 pm ? (278°);12:42:22
6/09/2019;6:26 am ? (82°);7:06 pm ? (278°);12:40:25
7/09/2019;6:27 am ? (82°);7:05 pm ? (277°);12:38:27
8/09/2019;6:27 am ? (83°);7:04 pm ? (277°);12:36:29
9/09/2019;6:28 am ? (83°);7:02 pm ? (277°);12:34:32
10/09/2019;6:29 am ? (84°);7:01 pm ? (276°);12:32:33
11/09/2019;6:29 am ? (84°);7:00 pm ? (276°);12:30:35
12/09/2019;6:30 am ? (85°);6:58 pm ? (275°);12:28:36
13/09/2019;6:30 am ? (85°);6:57 pm ? (275°);12:26:38
14/09/2019;6:31 am ? (85°);6:56 pm ? (274°);12:24:39
15/09/2019;6:32 am ? (86°);6:54 pm ? (274°);12:22:40
16/09/2019;6:32 am ? (86°);6:53 pm ? (273°);12:20:40
17/09/2019;6:33 am ? (87°);6:52 pm ? (273°);12:18:41
18/09/2019;6:34 am ? (87°);6:50 pm ? (272°);12:16:42
19/09/2019;6:34 am ? (88°);6:49 pm ? (272°);12:14:42
20/09/2019;6:35 am ? (88°);6:48 pm ? (272°);12:12:42
21/09/2019;6:36 am ? (89°);6:46 pm ? (271°);12:10:43
22/09/2019;6:36 am ? (89°);6:45 pm ? (271°);12:08:43
23/09/2019;6:37 am ? (90°);6:44 pm ? (270°);12:06:43
24/09/2019;6:38 am ? (90°);6:42 pm ? (270°);12:04:43
25/09/2019;6:38 am ? (91°);6:41 pm ? (269°);12:02:43
26/09/2019;6:39 am ? (91°);6:40 pm ? (269°);12:00:43
27/09/2019;6:39 am ? (91°);6:38 pm ? (268°);11:58:43
28/09/2019;6:40 am ? (92°);6:37 pm ? (268°);11:56:43
29/09/2019;6:41 am ? (92°);6:36 pm ? (267°);11:54:44
30/09/2019;6:41 am ? (93°);6:34 pm ? (267°);11:52:44
1/08/2019;6:02 am ? (68°);7:46 pm ? (292°);13:44:24
2/08/2019;6:03 am ? (68°);7:46 pm ? (292°);13:42:53
3/08/2019;6:03 am ? (69°);7:45 pm ? (291°);13:41:22
4/08/2019;6:04 am ? (69°);7:44 pm ? (291°);13:39:49
5/08/2019;6:05 am ? (69°);7:43 pm ? (291°);13:38:15
6/08/2019;6:05 am ? (69°);7:42 pm ? (290°);13:36:39
7/08/2019;6:06 am ? (70°);7:41 pm ? (290°);13:35:03
8/08/2019;6:07 am ? (70°);7:40 pm ? (290°);13:33:25
9/08/2019;6:08 am ? (71°);7:39 pm ? (289°);13:31:46
10/08/2019;6:08 am ? (71°);7:38 pm ? (289°);13:30:06
11/08/2019;6:09 am ? (71°);7:37 pm ? (289°);13:28:25
12/08/2019;6:10 am ? (72°);7:36 pm ? (288°);13:26:43
13/08/2019;6:10 am ? (72°);7:35 pm ? (288°);13:25:01
14/08/2019;6:11 am ? (72°);7:34 pm ? (287°);13:23:17
15/08/2019;6:12 am ? (73°);7:33 pm ? (287°);13:21:32
16/08/2019;6:12 am ? (73°);7:32 pm ? (287°);13:19:47
17/08/2019;6:13 am ? (73°);7:31 pm ? (286°);13:18:01
18/08/2019;6:14 am ? (74°);7:30 pm ? (286°);13:16:13
19/08/2019;6:14 am ? (74°);7:29 pm ? (286°);13:14:26
20/08/2019;6:15 am ? (75°);7:28 pm ? (285°);13:12:37
21/08/2019;6:16 am ? (75°);7:26 pm ? (285°);13:10:48
22/08/2019;6:16 am ? (75°);7:25 pm ? (284°);13:08:58
23/08/2019;6:17 am ? (76°);7:24 pm ? (284°);13:07:07
24/08/2019;6:18 am ? (76°);7:23 pm ? (284°);13:05:16
25/08/2019;6:18 am ? (77°);7:22 pm ? (283°);13:03:24
26/08/2019;6:19 am ? (77°);7:20 pm ? (283°);13:01:32
27/08/2019;6:20 am ? (77°);7:19 pm ? (282°);12:59:39
28/08/2019;6:20 am ? (78°);7:18 pm ? (282°);12:57:45
29/08/2019;6:21 am ? (78°);7:17 pm ? (281°);12:55:51
30/08/2019;6:22 am ? (79°);7:15 pm ? (281°);12:53:57
31/08/2019;6:22 am ? (79°);7:14 pm ? (281°);12:52:02
1/07/2019;5:44 am ?;8:00 pm ?;14:16:07
2/07/2019;5:44 am ?;8:00 pm ?;14:15:39
3/07/2019;5:45 am ?;8:00 pm ?;14:15:08
4/07/2019;5:45 am ?;8:00 pm ?;14:14:35
5/07/2019;5:46 am ?;8:00 pm ?;14:13:59
6/07/2019;5:46 am ?;8:00 pm ?;14:13:21
7/07/2019;5:47 am ?;7:59 pm ?;14:12:40
8/07/2019;5:47 am ?;7:59 pm ?;14:11:57
9/07/2019;5:48 am ?;7:59 pm ?;14:11:12
10/07/2019;5:48 am ?;7:59 pm ?;14:10:24
11/07/2019;5:49 am ?;7:58 pm ?;14:09:34
12/07/2019;5:49 am ?;7:58 pm ?;14:08:42
13/07/2019;5:50 am ?;7:58 pm ?;14:07:47
14/07/2019;5:50 am ?;7:57 pm ?;14:06:50
15/07/2019;5:51 am ?;7:57 pm ?;14:05:52
16/07/2019;5:52 am ?;7:57 pm ?;14:04:51
17/07/2019;5:52 am ?;7:56 pm ?;14:03:48
18/07/2019;5:53 am ?;7:56 pm ?;14:02:43
19/07/2019;5:54 am ?;7:55 pm ?;14:01:36
20/07/2019;5:54 am ?;7:55 pm ?;14:00:27
21/07/2019;5:55 am ?;7:54 pm ?;13:59:16
22/07/2019;5:55 am ?;7:53 pm ?;13:58:03
23/07/2019;5:56 am ?;7:53 pm ?;13:56:49
24/07/2019;5:57 am ?;7:52 pm ?;13:55:32
25/07/2019;5:57 am ?;7:52 pm ?;13:54:14
26/07/2019;5:58 am ?;7:51 pm ?;13:52:55
27/07/2019;5:59 am ?;7:50 pm ?;13:51:33
28/07/2019;5:59 am ?;7:50 pm ?;13:50:10
29/07/2019;6:00 am ?;7:49 pm ?;13:48:46
30/07/2019;6:01 am ?;7:48 pm ?;13:47:20
31/07/2019;6:01 am ?;7:47 pm ?;13:45:52
1/06/2019;5:41 am ? (63°);7:51 pm ? (297°);14:09:49
2/06/2019;5:41 am ? (63°);7:52 pm ? (297°);14:10:39
3/06/2019;5:41 am ? (63°);7:52 pm ? (298°);14:11:26
4/06/2019;5:41 am ? (62°);7:53 pm ? (298°);14:12:11
5/06/2019;5:40 am ? (62°);7:53 pm ? (298°);14:12:54
6/06/2019;5:40 am ? (62°);7:54 pm ? (298°);14:13:34
7/06/2019;5:40 am ? (62°);7:54 pm ? (298°);14:14:11
8/06/2019;5:40 am ? (62°);7:55 pm ? (298°);14:14:46
9/06/2019;5:40 am ? (62°);7:55 pm ? (298°);14:15:19
10/06/2019;5:40 am ? (62°);7:56 pm ? (298°);14:15:49
11/06/2019;5:40 am ? (62°);7:56 pm ? (298°);14:16:16
12/06/2019;5:40 am ? (62°);7:56 pm ? (299°);14:16:41
13/06/2019;5:40 am ? (61°);7:57 pm ? (299°);14:17:03
14/06/2019;5:40 am ? (61°);7:57 pm ? (299°);14:17:22
15/06/2019;5:40 am ? (61°);7:58 pm ? (299°);14:17:39
16/06/2019;5:40 am ? (61°);7:58 pm ? (299°);14:17:53
17/06/2019;5:40 am ? (61°);7:58 pm ? (299°);14:18:05
18/06/2019;5:40 am ? (61°);7:58 pm ? (299°);14:18:14
19/06/2019;5:40 am ? (61°);7:59 pm ? (299°);14:18:20
20/06/2019;5:41 am ? (61°);7:59 pm ? (299°);14:18:24
21/06/2019;5:41 am ? (61°);7:59 pm ? (299°);14:18:25
22/06/2019;5:41 am ? (61°);7:59 pm ? (299°);14:18:23
23/06/2019;5:41 am ? (61°);8:00 pm ? (299°);14:18:18
24/06/2019;5:41 am ? (61°);8:00 pm ? (299°);14:18:11
25/06/2019;5:42 am ? (61°);8:00 pm ? (299°);14:18:01
26/06/2019;5:42 am ? (61°);8:00 pm ? (299°);14:17:49
27/06/2019;5:42 am ? (61°);8:00 pm ? (299°);14:17:34
28/06/2019;5:43 am ? (61°);8:00 pm ? (299°);14:17:16
29/06/2019;5:43 am ? (61°);8:00 pm ? (299°);14:16:55
30/06/2019;5:44 am ? (62°);8:00 pm ? (298°);14:16:32
1/05/2019;6:01 am ?;7:30 pm ?;13:28:29
2/05/2019;6:00 am ?;7:30 pm ?;13:30:11
3/05/2019;5:59 am ?;7:31 pm ?;13:31:52
4/05/2019;5:58 am ?;7:32 pm ?;13:33:32
5/05/2019;5:58 am ?;7:33 pm ?;13:35:11
6/05/2019;5:57 am ?;7:33 pm ?;13:36:48
7/05/2019;5:56 am ?;7:34 pm ?;13:38:24
8/05/2019;5:55 am ?;7:35 pm ?;13:39:59
9/05/2019;5:54 am ?;7:36 pm ?;13:41:33
10/05/2019;5:53 am ?;7:36 pm ?;13:43:06
11/05/2019;5:52 am ?;7:37 pm ?;13:44:37
12/05/2019;5:52 am ?;7:38 pm ?;13:46:06
13/05/2019;5:51 am ?;7:39 pm ?;13:47:34
14/05/2019;5:50 am ?;7:39 pm ?;13:49:01
15/05/2019;5:50 am ?;7:40 pm ?;13:50:26
16/05/2019;5:49 am ?;7:41 pm ?;13:51:49
17/05/2019;5:48 am ?;7:41 pm ?;13:53:11
18/05/2019;5:48 am ?;7:42 pm ?;13:54:31
19/05/2019;5:47 am ?;7:43 pm ?;13:55:49
20/05/2019;5:46 am ?;7:43 pm ?;13:57:05
21/05/2019;5:46 am ?;7:44 pm ?;13:58:20
22/05/2019;5:45 am ?;7:45 pm ?;13:59:33
23/05/2019;5:45 am ?;7:45 pm ?;14:00:44
24/05/2019;5:44 am ?;7:46 pm ?;14:01:53
25/05/2019;5:44 am ?;7:47 pm ?;14:03:00
26/05/2019;5:43 am ?;7:47 pm ?;14:04:05
27/05/2019;5:43 am ?;7:48 pm ?;14:05:08
28/05/2019;5:43 am ?;7:49 pm ?;14:06:08
29/05/2019;5:42 am ?;7:49 pm ?;14:07:07
30/05/2019;5:42 am ?;7:50 pm ?;14:08:03
31/05/2019;5:42 am ?;7:50 pm ?;14:08:57
1/04/2019;6:36 am ? (84°);7:08 pm ? (276°);12:31:48
2/04/2019;6:35 am ? (84°);7:09 pm ? (277°);12:33:48
3/04/2019;6:34 am ? (83°);7:10 pm ? (277°);12:35:48
4/04/2019;6:32 am ? (83°);7:10 pm ? (278°);12:37:48
5/04/2019;6:31 am ? (82°);7:11 pm ? (278°);12:39:47
6/04/2019;6:30 am ? (82°);7:12 pm ? (278°);12:41:46
7/04/2019;6:29 am ? (81°);7:12 pm ? (279°);12:43:45
8/04/2019;6:27 am ? (81°);7:13 pm ? (279°);12:45:43
9/04/2019;6:26 am ? (80°);7:14 pm ? (280°);12:47:41
10/04/2019;6:25 am ? (80°);7:15 pm ? (280°);12:49:38
11/04/2019;6:24 am ? (80°);7:15 pm ? (281°);12:51:35
12/04/2019;6:22 am ? (79°);7:16 pm ? (281°);12:53:32
13/04/2019;6:21 am ? (79°);7:17 pm ? (282°);12:55:28
14/04/2019;6:20 am ? (78°);7:17 pm ? (282°);12:57:24
15/04/2019;6:19 am ? (78°);7:18 pm ? (282°);12:59:19
16/04/2019;6:18 am ? (77°);7:19 pm ? (283°);13:01:14
17/04/2019;6:16 am ? (77°);7:20 pm ? (283°);13:03:08
18/04/2019;6:15 am ? (77°);7:20 pm ? (284°);13:05:01
19/04/2019;6:14 am ? (76°);7:21 pm ? (284°);13:06:54
20/04/2019;6:13 am ? (76°);7:22 pm ? (285°);13:08:46
21/04/2019;6:12 am ? (75°);7:22 pm ? (285°);13:10:37
22/04/2019;6:11 am ? (75°);7:23 pm ? (285°);13:12:28
23/04/2019;6:10 am ? (74°);7:24 pm ? (286°);13:14:18
24/04/2019;6:08 am ? (74°);7:25 pm ? (286°);13:16:08
25/04/2019;6:07 am ? (74°);7:25 pm ? (287°);13:17:56
26/04/2019;6:06 am ? (73°);7:26 pm ? (287°);13:19:44
27/04/2019;6:05 am ? (73°);7:27 pm ? (287°);13:21:31
28/04/2019;6:04 am ? (73°);7:28 pm ? (288°);13:23:17
29/04/2019;6:03 am ? (72°);7:28 pm ? (288°);13:25:02
30/04/2019;6:02 am ? (72°);7:29 pm ? (288°);13:26:46
1/03/2019;6:16 am ? (98°);5:45 pm ? (262°);11:29:17
2/03/2019;6:15 am ? (98°);5:46 pm ? (262°);11:31:17
3/03/2019;6:14 am ? (98°);5:47 pm ? (263°);11:33:16
4/03/2019;6:12 am ? (97°);5:48 pm ? (263°);11:35:16
5/03/2019;6:11 am ? (97°);5:49 pm ? (264°);11:37:16
6/03/2019;6:10 am ? (96°);5:49 pm ? (264°);11:39:16
7/03/2019;6:09 am ? (96°);5:50 pm ? (265°);11:41:16
8/03/2019;6:08 am ? (95°);5:51 pm ? (265°);11:43:17
9/03/2019;6:06 am ? (95°);5:52 pm ? (265°);11:45:18
10/03/2019;7:05 am ? (94°);6:52 pm ? (266°);11:47:19
11/03/2019;7:04 am ? (94°);6:53 pm ? (266°);11:49:20
12/03/2019;7:02 am ? (93°);6:54 pm ? (267°);11:51:22
13/03/2019;7:01 am ? (93°);6:55 pm ? (267°);11:53:23
14/03/2019;7:00 am ? (92°);6:55 pm ? (268°);11:55:25
15/03/2019;6:59 am ? (92°);6:56 pm ? (268°);11:57:26
16/03/2019;6:57 am ? (92°);6:57 pm ? (269°);11:59:28
17/03/2019;6:56 am ? (91°);6:58 pm ? (269°);12:01:30
18/03/2019;6:55 am ? (91°);6:58 pm ? (270°);12:03:31
19/03/2019;6:53 am ? (90°);6:59 pm ? (270°);12:05:33
20/03/2019;6:52 am ? (90°);7:00 pm ? (271°);12:07:35
21/03/2019;6:51 am ? (89°);7:00 pm ? (271°);12:09:36
22/03/2019;6:49 am ? (89°);7:01 pm ? (272°);12:11:38
23/03/2019;6:48 am ? (88°);7:02 pm ? (272°);12:13:39
24/03/2019;6:47 am ? (88°);7:03 pm ? (272°);12:15:41
25/03/2019;6:46 am ? (87°);7:03 pm ? (273°);12:17:42
26/03/2019;6:44 am ? (87°);7:04 pm ? (273°);12:19:44
27/03/2019;6:43 am ? (86°);7:05 pm ? (274°);12:21:45
28/03/2019;6:42 am ? (86°);7:05 pm ? (274°);12:23:46
29/03/2019;6:40 am ? (85°);7:06 pm ? (275°);12:25:47
30/03/2019;6:39 am ? (85°);7:07 pm ? (275°);12:27:48
31/03/2019;6:38 am ? (84°);7:07 pm ? (276°);12:29:48
1/02/2019;6:43 am ? (110°);5:21 pm ? (250°);10:37:51
2/02/2019;6:42 am ? (110°);5:22 pm ? (251°);10:39:29
3/02/2019;6:42 am ? (109°);5:23 pm ? (251°);10:41:08
4/02/2019;6:41 am ? (109°);5:24 pm ? (251°);10:42:48
5/02/2019;6:40 am ? (108°);5:25 pm ? (252°);10:44:29
6/02/2019;6:39 am ? (108°);5:26 pm ? (252°);10:46:12
7/02/2019;6:39 am ? (108°);5:26 pm ? (252°);10:47:55
8/02/2019;6:38 am ? (107°);5:27 pm ? (253°);10:49:40
9/02/2019;6:37 am ? (107°);5:28 pm ? (253°);10:51:26
10/02/2019;6:36 am ? (107°);5:29 pm ? (254°);10:53:12
11/02/2019;6:35 am ? (106°);5:30 pm ? (254°);10:55:00
12/02/2019;6:34 am ? (106°);5:31 pm ? (254°);10:56:48
13/02/2019;6:33 am ? (105°);5:32 pm ? (255°);10:58:38
14/02/2019;6:32 am ? (105°);5:33 pm ? (255°);11:00:28
15/02/2019;6:31 am ? (105°);5:34 pm ? (256°);11:02:19
16/02/2019;6:30 am ? (104°);5:35 pm ? (256°);11:04:11
17/02/2019;6:29 am ? (104°);5:35 pm ? (256°);11:06:03
18/02/2019;6:28 am ? (103°);5:36 pm ? (257°);11:07:56
19/02/2019;6:27 am ? (103°);5:37 pm ? (257°);11:09:50
20/02/2019;6:26 am ? (102°);5:38 pm ? (258°);11:11:45
21/02/2019;6:25 am ? (102°);5:39 pm ? (258°);11:13:40
22/02/2019;6:24 am ? (102°);5:40 pm ? (259°);11:15:35
23/02/2019;6:23 am ? (101°);5:40 pm ? (259°);11:17:31
24/02/2019;6:22 am ? (101°);5:41 pm ? (260°);11:19:28
25/02/2019;6:21 am ? (100°);5:42 pm ? (260°);11:21:25
26/02/2019;6:20 am ? (100°);5:43 pm ? (260°);11:23:22
27/02/2019;6:18 am ? (99°);5:44 pm ? (261°);11:25:20
28/02/2019;6:17 am ? (99°);5:45 pm ? (261°);11:27:19
1/01/2019;6:50 am ? (117°);4:53 pm ? (243°);10:02:43
2/01/2019;6:51 am ? (117°);4:54 pm ? (243°);10:03:16
3/01/2019;6:51 am ? (117°);4:55 pm ? (243°);10:03:51
4/01/2019;6:51 am ? (117°);4:55 pm ? (243°);10:04:29
5/01/2019;6:51 am ? (117°);4:56 pm ? (243°);10:05:10
6/01/2019;6:51 am ? (116°);4:57 pm ? (244°);10:05:54
7/01/2019;6:51 am ? (116°);4:58 pm ? (244°);10:06:40
8/01/2019;6:51 am ? (116°);4:59 pm ? (244°);10:07:29
9/01/2019;6:51 am ? (116°);5:00 pm ? (244°);10:08:20
10/01/2019;6:51 am ? (116°);5:00 pm ? (244°);10:09:14
11/01/2019;6:51 am ? (116°);5:01 pm ? (245°);10:10:11
12/01/2019;6:51 am ? (115°);5:02 pm ? (245°);10:11:09
13/01/2019;6:51 am ? (115°);5:03 pm ? (245°);10:12:10
14/01/2019;6:51 am ? (115°);5:04 pm ? (245°);10:13:14
15/01/2019;6:51 am ? (115°);5:05 pm ? (245°);10:14:19
16/01/2019;6:50 am ? (115°);5:06 pm ? (246°);10:15:27
17/01/2019;6:50 am ? (114°);5:07 pm ? (246°);10:16:37
18/01/2019;6:50 am ? (114°);5:08 pm ? (246°);10:17:49
19/01/2019;6:49 am ? (114°);5:09 pm ? (246°);10:19:03
20/01/2019;6:49 am ? (114°);5:09 pm ? (247°);10:20:20
21/01/2019;6:49 am ? (113°);5:10 pm ? (247°);10:21:38
22/01/2019;6:48 am ? (113°);5:11 pm ? (247°);10:22:58
23/01/2019;6:48 am ? (113°);5:12 pm ? (247°);10:24:20
24/01/2019;6:48 am ? (112°);5:13 pm ? (248°);10:25:43
25/01/2019;6:47 am ? (112°);5:14 pm ? (248°);10:27:09
26/01/2019;6:47 am ? (112°);5:15 pm ? (248°);10:28:36
27/01/2019;6:46 am ? (111°);5:16 pm ? (249°);10:30:05
28/01/2019;6:45 am ? (111°);5:17 pm ? (249°);10:31:35
29/01/2019;6:45 am ? (111°);5:18 pm ? (249°);10:33:07
30/01/2019;6:44 am ? (111°);5:19 pm ? (250°);10:34:40
31/01/2019;6:44 am ? (110°);5:20 pm ? (250°);10:36:15
